{
  "hash": "fb2b2980",
  "configHash": "668ccc78",
  "lockfileHash": "ac2b6976",
  "browserHash": "7b584229",
  "optimized": {
    "@angular/common": {
      "src": "../../../../../node_modules/@angular/common/fesm2022/common.mjs",
      "file": "@angular_common.js",
      "fileHash": "26bf4d92",
      "needsInterop": false
    },
    "@angular/common/http": {
      "src": "../../../../../node_modules/@angular/common/fesm2022/http.mjs",
      "file": "@angular_common_http.js",
      "fileHash": "3b76f594",
      "needsInterop": false
    },
    "@angular/core": {
      "src": "../../../../../node_modules/@angular/core/fesm2022/core.mjs",
      "file": "@angular_core.js",
      "fileHash": "f2ddd654",
      "needsInterop": false
    },
    "@angular/forms": {
      "src": "../../../../../node_modules/@angular/forms/fesm2022/forms.mjs",
      "file": "@angular_forms.js",
      "fileHash": "4a11a8d8",
      "needsInterop": false
    },
    "@angular/platform-browser": {
      "src": "../../../../../node_modules/@angular/platform-browser/fesm2022/platform-browser.mjs",
      "file": "@angular_platform-browser.js",
      "fileHash": "d454463e",
      "needsInterop": false
    },
    "@angular/router": {
      "src": "../../../../../node_modules/@angular/router/fesm2022/router.mjs",
      "file": "@angular_router.js",
      "fileHash": "463f49ec",
      "needsInterop": false
    },
    "jwt-decode": {
      "src": "../../../../../node_modules/jwt-decode/build/esm/index.js",
      "file": "jwt-decode.js",
      "fileHash": "e551175f",
      "needsInterop": false
    },
    "rxjs": {
      "src": "../../../../../node_modules/rxjs/dist/esm5/index.js",
      "file": "rxjs.js",
      "fileHash": "7982c804",
      "needsInterop": false
    },
    "rxjs/operators": {
      "src": "../../../../../node_modules/rxjs/dist/esm5/operators/index.js",
      "file": "rxjs_operators.js",
      "fileHash": "20f313e7",
      "needsInterop": false
    }
  },
  "chunks": {
    "chunk-DEWO4NC6": {
      "file": "chunk-DEWO4NC6.js"
    },
    "chunk-5TTOS3KW": {
      "file": "chunk-5TTOS3KW.js"
    },
    "chunk-QS4Z7TXV": {
      "file": "chunk-QS4Z7TXV.js"
    },
    "chunk-CGL56N74": {
      "file": "chunk-CGL56N74.js"
    },
    "chunk-XPU7EA6D": {
      "file": "chunk-XPU7EA6D.js"
    },
    "chunk-QN5HDKTT": {
      "file": "chunk-QN5HDKTT.js"
    },
    "chunk-MHK6ZZQX": {
      "file": "chunk-MHK6ZZQX.js"
    },
    "chunk-WDMUDEB6": {
      "file": "chunk-WDMUDEB6.js"
    }
  }
}